{"cameraMode":{"drawMode":0,"name":"Shaded","section":"Shading Mode"},"sceneLighting":true,"audioPlay":false,"sceneViewState":{"m_AlwaysRefresh":false,"showFog":true,"showSkybox":true,"showFlares":true,"showImageEffects":true,"showParticleSystems":true,"showVisualEffectGraphs":true,"m_FxEnabled":true},"in2DMode":false,"pivot":{"x":-18.739593505859376,"y":2.6026196479797365,"z":-7.464710712432861},"rotation":{"x":-0.5242149233818054,"y":0.03497667238116264,"z":-0.021556692197918893,"w":-0.8506002426147461},"size":23.495012283325197,"orthographic":false}